id,name
9bb6579a-266e-45b2-8419-2f780ae0abd5,Shirley Guerrero
b23f1104-d7c5-4d21-8349-51ade47a0b22,Cody Gonzalez
a1a4a9ba-f2d6-44ed-b600-40bae3684b3c,Devin Clayton
b9e4b2c7-e764-450b-b3a8-12c9713b0d64,Kayla Brown
c750da6d-cf27-4203-a8b5-cd6d6caae835,Timothy Gutierrez
ee1dff48-4efe-43f8-8b46-b169ba58981a,Susan Phillips
c84d5290-b061-4699-912d-be260a56822b,Larry Ward
375ca543-1e86-4773-b0bb-d2f9b0fba3a4,John Brewer
4b133008-cfbd-4aff-be51-c794f93e0466,Brandon Hill
1504f3f8-c721-4864-b98d-498f2de44cfd,Robert Lang
b1cce6b4-c5ea-44ed-ae84-42e20f0b4359,Erica Scott DVM
366dd00d-fb38-4996-957c-377b3f26f7ca,Vanessa Coleman
79e4ee25-0ad6-41a0-831b-083d3ebe1749,Kimberly Kaiser
7997a003-77d5-4081-ab5e-037d3743c9f8,Angela James
becd027d-8d58-4ebb-acf1-36cc0c84996e,Eric Adams
7d23eba7-e0e6-450e-868b-0eff742b0045,Kimberly Schneider
92c7a9bd-cdb5-4d9e-b33f-55b0a053b7a6,Richard Pitts
ed9263d7-72c7-47f1-9551-5263b63c3abc,Christina Roberts
7aa9229a-7c9e-4ffe-ad5d-5871c907d9ae,Kristina Snow
1784955b-662b-40ec-b429-e47a6f67c886,Michael Cobb
b4eafe6d-4eee-49f9-9eb2-72fdc7c5fbfd,Anthony Stout
0694f668-a4ec-4996-be02-723005621b2d,Mrs. Melissa Bernard
ba73e2b9-59c9-4725-be3a-955fac2d7307,Lisa Ramirez
06555b68-2ee6-408e-b555-e684d3efdd52,Kathy Harris
3f994298-4862-4dc4-a406-44432be0e20a,Roger Carroll
b5b0340a-f937-40c1-9210-f0c3f4349cd0,Edward Ortiz
81fb5a74-b406-4afe-87ab-78ea6466f6fc,Tracy Gibbs
59769d9a-a19f-4226-b4eb-260a5c6b4528,Lisa Lopez
8c68f62b-84d2-4b0a-acf3-46ab9305ee30,Carol Lee
0a9ccfba-85e0-461d-8bc0-90cc7ed3b3f7,Kyle Mckinney
5f21c4c8-c218-43ed-b680-ae798af97338,Patrick Walls
9425c87e-ea21-4fcf-891d-1d98c2883af3,Tamara Berry
1dab69f5-d74a-4361-9dbc-44fefc3cd371,Philip Haynes
6aeb876c-c1bc-4abb-afa3-96b4b894a404,Paige Lawson
66fc948f-2729-428f-8067-5e6dbbb198a0,Mr. Jeremy Cameron
2762a703-f423-445b-8520-bdb528ae01dd,Maria Cherry
83849883-0a50-4b97-9156-234dddfebc6e,Brittany Turner
d7abb926-d373-499c-b42b-295471d657df,Leonard Jackson
d169a194-95c0-45cb-aaa2-e8c707fbf1db,Joseph Boyer
edf299ab-4a4a-4f70-874a-2c612285ea01,Russell Mitchell
aa92fd2b-6177-43e5-813b-85feae57b780,Brian Church
0f1d1ab8-50f1-4331-90dc-8c7db23e944d,Jeffrey Gutierrez
78763735-0758-4a24-9867-3ac0c55d1287,Tracy Garcia
5750a50c-ef99-48a5-bcff-d164683e98da,Garrett Black
1357b492-ee8f-436d-869e-ff79d2e89169,Eric Young
1b15d9f4-1c43-4fc0-8d75-1e8eced81b3f,Janet Robles
a079ec36-752f-4be1-8f5a-b7c01c1095e0,Shelby Ray
929c1701-b59e-4bad-99dc-ad55560679cf,Lawrence Clark
eae6294a-6b66-408a-83ee-2e0afe1d0392,Alicia Huerta
a9a6c8da-7165-4886-94ed-b3567f1dfac3,Mary Gillespie
56893c33-fcc9-479e-a91e-d04a361cb535,Amanda Hill
ddbd173e-f471-4fc5-ba9e-831c07ae72a8,Jonathan Harris
82928429-a96d-46a2-b7b9-f8dea4b6bb2e,Kyle Jones
cdc77586-87a5-48a1-a4d3-d6fa7438061a,Dillon Jennings
02faa5ac-1657-4f4b-af69-dd9525686f3b,James Walls
a9b36301-a313-45e0-af3d-0bef795f4acd,Ashley Patterson
6a37a14f-dea7-4088-8819-99a3e827aeff,Barbara Koch
e1a9a321-5da8-458c-bcf8-e9b852b82707,Ryan Austin
65e15d42-ac13-421f-bb94-cbfd6aed43b3,Cameron Smith
bc803a26-a319-44d3-aecd-f050f82d96e6,Lori Butler
b378aed0-5b4f-45c7-9ba5-9f19fa6a7bbf,Kristin Mcintyre
34f8b777-3974-4068-a50e-c4024586aea5,Kristen Mack
3413c899-d35a-431c-8fa4-b9d3fb561c08,Hector Campbell
f1f620fb-05d3-43ac-b284-ccb569f1ab66,Allen Nolan
bbedfea9-7107-490f-b0cc-d3096ff46752,Anita Pierce
2fea1df3-b44a-498e-97ff-f58ab4955a94,Erica Walker
c4d56d87-a9de-41e1-b5e2-12aeedf7b88c,Ruben Bennett
884b5414-a56f-43e4-be80-ba54d3a6c3ff,Douglas Hill
286b77f2-24ea-4bad-8ca8-2ad9d6d21fd2,Derek Cox
0e19a618-1726-492c-aaf1-a2941eb8bbe1,Kathy Thomas
cad24ec9-bf90-44dc-a572-e83faa1b9945,Richard Cannon
11638f3f-18d8-4c97-bcfd-4b7ba9528dc3,George Garcia
a5dd508e-21f2-40a9-88d3-c7ddd3cd285b,Kristina Smith
b6932729-e92e-4721-a268-31689e68eed3,Angela Weber
a3d98f8c-f4fd-45bd-a313-9fd6d7b6ecac,Madison Davis
9e2b11cd-38c7-42af-a3e2-00ca948e673d,Lindsey Ellison
a2b11c69-1406-4cad-a9fb-af321f5b2b0c,Megan Forbes
acaabf38-9cfe-4bc7-8c68-cbc9e4d8d1d7,Tina Collins
141947a5-3c52-4212-ab6d-abfebf8425bc,Charles Johnson
6de38b4f-d333-4522-b0ca-6914ce80d4a2,Miguel Ruiz
e03e4b8e-e0e1-4905-8f6b-e78a4dba9f24,Troy Hayden
4a23d2e3-408f-47fc-80c2-654b5d4dbf31,David Cooper DDS
71d9177f-011e-4051-81b5-337824177b65,Maria Guerrero
7d100683-408b-4852-b060-3aba19abef34,Rebecca Rich
1963ab8d-0518-4acb-974d-02b9be8528f7,Brandon Shannon
e0f81459-9e29-4845-a531-e75666b358c4,Christopher Hart
698fd0f1-ca12-49dd-9923-024080953809,Sharon Sawyer
1445f2a7-a48c-446d-bbfe-c30e72150f86,Tamara Hinton
a61ad49d-58b1-4e94-8bd6-0a1a1892bf6b,Rhonda Gomez
97c5c590-01a3-4945-8263-2e2bfb09e0eb,Michael Ball
6b2dd807-f905-4481-9cb6-9bcdcdd1995c,Charles Waters
0975861e-a281-4d9c-b450-572ae6099038,Sarah Hunt PhD
8df37403-2d6f-41ce-bee5-cf31a2a930ef,Robert Black
444e2c6c-5922-43ae-83f5-092a075a78a8,Douglas Burgess
83b8c198-32fe-4d96-af29-599e19cf6a41,Debra Hall
33455b30-7647-41b9-a767-52304f6ecc4c,Michael Conner
45e5326c-b391-4865-ad0c-c7783b2bb261,Rebecca Rodriguez
27ba4c6d-fbe4-44e3-923f-45b0389ab553,Matthew Dawson
0d734aac-0559-4bf8-abed-5bbd0e93e566,John Bennett
c7c5ffc2-f50a-457a-b08b-e4b2615c2843,Terry Obrien
28db931d-1f97-4270-8e10-4debbb9e00a0,Dr. Erin Turner
92f6a60e-d446-46f4-843c-3b63ba3112b8,Susan Mann
23ffbe39-c54e-46c4-8c34-790f0be44133,Dr. Matthew Hancock
95fedcdf-9591-4268-8f33-26165b5bfd92,Alicia Clark
6c4e06a4-64a4-4069-a37c-8610c9525c80,Kimberly Barnes
823b371e-1920-48bf-bc9a-aa657d2e09e8,Alyssa Riddle
e0f8772e-46e4-4634-8c2e-6561d3d06375,Virginia James
d8c2468b-5442-4946-a01e-e1ffe6c1cbe0,Martin Barnes
1e372100-2735-452f-97f1-b266bd42d527,Lisa Snyder
b15e5a6c-0c44-43d4-b089-6bbcde9c2be2,Daniel Cuevas
dc6156c6-acea-47f5-9a71-28fddbc46978,Courtney Harrison
04e54390-1a7a-4b14-97c3-294b4264b590,Ashley Porter
f80ef493-ad4f-442a-96d3-f62ccb6035f9,Stephen Robbins
dc766477-4feb-4e48-9bb8-93aef4fde77d,Benjamin Thomas
ec26632c-30bd-41fb-b91d-c3a6b380f2fa,Joshua Henderson
a1ba7eeb-3a28-4048-b430-82caee53f3d6,Barbara Jefferson
9be5f606-2880-4c5d-a480-84ba77876d96,Tyler Henderson
8c3d3c37-c681-400d-b851-1a8f46a213fd,Dale Ellis
ab050395-c0aa-49de-871a-c16f0fa3408e,Yesenia Mcknight
033bfc9a-ddfd-43c7-b6cb-e97e44691de4,Sara Valentine
5e083154-4fb3-4ae2-b386-c5211fb95d74,Joshua Wells
fee7b1e4-3340-49c9-b28e-9024b2b842fb,Ronnie Knight
06ef736c-17bd-4f55-94a8-ab240c8cf572,Carrie Russell MD
933a66c9-3213-457b-bcde-31a49b458e18,Angela Moyer
de161d75-0f8b-40ce-b725-4be22ec3966e,Hannah Davis
7bdbc896-b299-44e5-90a6-4a66f90b1f91,Ashley Ross
e3d41c8f-4f3b-4f6e-980c-844ff234cc6e,Omar Tyler
ae810666-5787-41c3-a045-fba975f8cea5,Brad Williamson
1cea4689-7c46-403c-bb7e-485f01ba416f,Michelle Anderson
fbf7be48-6586-455c-a687-465fc59ff84e,Michael Harris
400faf31-611a-44bd-ab91-209d07466f3e,Amanda Nelson
950442a4-ce6c-409e-b996-ddd793097c8a,Anthony Wells
77fc3199-3cfa-407f-bb45-bb1cf2ee0d8c,Mr. Matthew Meyer
40f94023-1885-4048-9ab6-fccfe138537c,John Norris
3234637c-00b5-45cb-8a4b-2f4ceb176e94,Kathy Haney MD
3544d8f9-b8f9-48bd-a56c-1401a1583d2d,Mark Jenkins
cf5de030-4ee5-4209-a675-c66684a98cb4,Matthew Bryan
119eb389-a2bc-4133-bde9-f8fac0a26c18,Kevin Marquez
f63baeb2-7b5e-49b1-b6fd-b80da83ca639,Joseph Adkins
61028c5b-efdd-4100-b130-ff8c59d25e49,Brian Davenport
c12f6034-49ba-490f-9e2f-f03aab3e5480,Deborah Page
bc68c7c4-d56e-4113-8851-0083a0119db8,Elizabeth Montgomery
98242349-3698-46bb-ade7-ffa1acf6de70,Miguel Palmer
ce524dc7-6afa-4405-938e-c8124f785cf8,Sonya Moore
f623850e-a3e1-4d2e-8afc-b0f97783e982,Daniel Edwards
989728f9-dfce-4da0-9c00-d5dbc473b3c8,Michael Gallegos
a2b782fe-7a85-4691-9d47-2c1f1c5203db,Larry Gilmore
76595db8-0b89-4358-a7bb-d42b8db88549,Jacqueline Morris
e1373b5c-98ae-4ec1-b265-53909a4dbf06,Sandra Ibarra
e7b7d835-e50a-4090-b82c-b5f17b931157,Robert Campbell
015bc9ad-a9ef-4717-a1d5-6059a50a39eb,Christina Gonzalez
143a3b09-a454-45ce-ace9-d9e555db213c,Ryan Huynh
610ace65-d40e-4321-b97e-a26144ae419d,Stephen Barton
b5eadcef-223b-4c59-93f0-ac1660d71e54,Andre Sanders
421aaf46-53a3-4e40-9d89-baa3c99736e8,Crystal Mendez
8c7dc697-3595-4aea-9e51-0b3b0ef82b60,Jessica Bauer
c9fdb4ca-abcd-4e0b-8ca5-a1044d8f9d04,Heather Ritter
fcd306e2-d0ea-45a5-9f73-700d03779f2f,Richard Martinez
1969c259-d14a-4040-b04d-f8e1a0a21490,Ashley Franco
213565dd-cf8d-46f8-8a0b-1e3fd2b82449,Richard Hayes
9a770aa8-3fc2-459e-a038-e7a4a1b2735c,Kenneth Nelson
4391f821-0c7a-47d1-aafd-dd4fdfb8e8b1,Jeremiah Smith
9d954cbd-153f-4fea-926d-cc8df3cb1772,Charles Oneill
643e8be3-8853-427e-a4ff-ce46c91dbca0,Jennifer Garcia
008fd2bf-0ca9-4add-af80-4af354395a7b,Cameron Martin
29d1cbaf-3e0b-4756-9ca5-4c50ffe2f309,Jeffrey Franklin
14ca96ee-86a9-415d-b858-14f420e41027,Carly Harris
2f6d07b2-5cff-4003-bfa6-374357e83fa9,Jessica James
61add236-df5b-46de-abd7-ebfd43c27898,Jody Valencia
929d41a8-4498-4f86-b869-4d8cfb52e151,Leslie Hicks
2eb9342f-abb9-4248-b262-98a9733b300b,Martha Pineda DDS
1f4ae5e8-095c-41e1-bfc0-e13910f9cf40,Christian Schneider
f9b1e843-ee45-432d-9eb2-0ca025e25dc7,Dawn Williams
21979108-caf6-47a0-9a84-58bca2400a54,Victor Ramos
aec0a94e-cced-4e4c-9c5b-4632894a9756,Melody Wright
6e271651-98fb-4cd9-b9ea-f2fec6e47fb8,Michael Carter
890c714d-0dad-46da-b8b8-161683a95aab,Amber Cortez
30b8ce50-0cf1-4320-8439-7260bec6da1c,Matthew Chapman
8835c4b0-1d08-44bc-830b-00ac89fa4282,Lisa Townsend
d6753e09-828b-40ec-87cf-79fa1bb3be7e,Kimberly Jackson
9f2f24f8-c36c-4a28-a1d0-89cc55ed4b06,April Curtis
3b7e562b-d350-4b95-be14-5dac994513ce,Michael Steele
8594cd9e-b249-4ca1-ba23-cadc1cdb2f91,Stephanie Love
d44e57f1-d458-4a0b-98da-71902e5a8cf7,Michael Baker Jr.
081780a0-86fe-4a1c-b22f-6d8652e84968,Kimberly Wilson MD
a437e6ee-77a7-489b-9dc7-13a42f7f80e8,Amy Ford
d0a3cb12-bf31-43b2-a7c4-34aa0a784104,Angela Armstrong
b13f7f1b-ed56-4343-b301-2b75f0a38d45,Jonathan Bennett
cc472bd6-f701-4f2b-aab7-453aebf3a597,Jeremy Shannon
60a975ac-ccd3-4b43-bc08-d1b89cf0442e,Terry Rice
7fa8054f-798d-4584-bac2-2b081c535aee,Leah Estrada
1c67b7da-3d27-45df-8553-84ec79c7aaf4,Derek Marshall
7ddd87f3-1344-4d81-86a3-2609452f9675,Karen Garza
4e15c8c1-9150-4eca-ab91-804c059d6063,Curtis Moore
cd4f0159-0c9d-41ce-a03b-b4ab008ee0e6,Benjamin Brooks
bcca64e1-0c7a-474f-b002-64901f8f8aa0,Kevin Graham
703413a6-85a6-4ba3-9caf-92422d11e52f,Tanya Craig
3731c6a7-197c-4a0e-86fe-d4f19aaefcd9,Daniel Kelly
06417512-ae0c-43b6-965d-f0312eb908dc,Mary Dunlap
f6112cb2-c29c-4d48-b47f-acc4cb6d465d,Scott Harrison
b04db064-76cf-42cc-a901-2c8bc77feffe,Thomas West MD
d976d288-be25-4348-971f-b9a5bb0408e2,Dr. Chad Chavez
49da1db3-9cdb-4722-8459-c99f06f7ed97,Rachael Hobbs
73a3f4f9-c59c-4ed7-933d-1abde09bcb71,Daniel Jordan
be1ee3ec-44be-4e82-a243-acb08bf84e2f,Christina Ramirez
479b6087-82db-454e-98b7-91f5f58fe59d,John Simmons II
968b9132-0941-4ff0-bcb3-bc9bc08d7a86,Travis Johnson
63572f43-b249-4351-90ec-6aeaf055dc19,Kelsey Miller
d15a8b7f-c2c6-410e-9acc-31ff62d667ba,Jill Contreras
b512a77b-70fc-4bb5-96a4-8da2ba6d18f3,Jimmy Bridges
fd0c6877-aa5c-4aab-91d8-830067468582,Troy Henry
c808e499-37e3-4b5a-95a8-502db2d877f4,Christina Patterson
264c6f8d-0878-47b4-985f-33c87235e598,Vanessa Schmidt
7f46962d-6228-40ae-826c-995f4ca702ba,Rodney Berry
e800bd72-b6f9-4e86-bdfb-124809cfd428,Barbara Ward
78002a0d-8062-4333-a97a-dddc1e826b05,Jeremy Hernandez
b29cd284-9c6a-4d52-a153-dd74315ea32a,Suzanne Farley
df4a7225-3171-4788-9bdf-2a88f9e68139,Dale Colon
b15920e3-4c7c-480b-bb04-44cd2fd5d953,Cheryl Campos
58b62c2a-695f-420d-98ac-64ca259f0d3a,Gregory Garza
9d14c67a-5599-4334-bb09-d00b168ed209,Mary Smith
a230a8bc-f70a-496e-b727-e133da5fa45b,Tracie Martinez
4a66bfbc-f836-47d1-bfa0-d652292ec14d,Christina Rollins
cd658355-466c-4fe3-9ba5-72a5403156ff,John Lowe
e4069f16-2987-4d6e-8d87-21f40e773044,Melanie Pena
5e3ebf91-2df0-4de9-a189-7f0c36e8075f,Blake Matthews
ebe8897e-fa4f-47c0-baa2-5241d166ebf5,Karen Obrien
67d07873-2cd4-4094-bd1f-38691dba1571,Nicole Jackson
3c3cf40b-968c-4f45-9dde-9dc98ec386bc,Beverly Peters
f52d2683-0dc7-4f6e-913f-488cb642fa61,Wendy Bowman
49e15e50-e04a-4f74-923f-e47efdadb378,Andrew Perez
857e7be0-1424-4583-9925-d3af8a84908d,Alexis Cervantes
0de30c92-ef07-44ba-a9e7-061a4cab4c51,Matthew Grant
9cda95f6-b212-4e03-8539-c2ea4348ca30,Mr. Clayton Kramer
fceb6054-75bc-4a9e-9425-c495550eb93b,Julia Baker
759223b2-3071-4d5d-86b9-2f2c6cab1da3,Nicole Bailey
f293e79b-f725-4de2-9b51-f75f6bc930e6,Sandra Duncan
54e7cc56-9ca8-42e3-b568-0c1fc4cc1fa4,Justin Taylor
ba7c37c3-5df5-418c-96b2-abb29b916cba,Sharon Evans
9da3f7fb-6c9b-4c40-a24c-49b1710c1ad0,Connie Collins
5b623491-bfa9-4044-b123-1ed44456a677,Michele Mayer
dfbbd453-5850-4b59-bd36-905fac8b1c3c,Seth Frazier
7dcb85b3-8553-4223-baa5-888af57e37a0,Christopher Schmidt
c44173f5-ecec-4582-a35e-2d1dc4a02f71,William Davis
21b97e6f-0a66-4d27-a576-5a8565f7e6b8,Brian Cordova
5211670b-5f17-46ce-99f7-6abe83885e32,Justin Chambers
72164cf6-42b7-4ccf-8958-0f3938eefac1,Tiffany Turner
c2a96f6f-49a0-46e2-80aa-1072f5300b70,Brandon Parker
d145fbaf-99fd-4a1d-b59f-baf95f66fb35,Joseph Griffin
e6972351-f048-4a6f-8923-13f245ce63f7,Andrea Page
117086c1-56b6-461f-b94a-fd47dcc40968,Chris Graves
a4b24a61-a483-4a73-b8da-0da733b6f2a9,Jessica Valdez
4c66a193-45a5-4b9e-8b6f-381052674b17,Cassidy Gaines
fd667276-14ea-457c-9688-ce70f41ba303,Christopher Kim
e62c92c6-f8d3-4631-942f-1f1376b78526,Brenda Dillon
34d2ddfd-20dd-46f8-9706-f6a49ed814af,Jade Martinez
ca6b752d-04c8-4f04-b70e-f31e32264ed0,Brett Allen
f401b16a-0bf6-45a8-a6f9-4013d0389a87,Mikayla Rivera
86e91f42-f2fd-4a7b-a5bc-eed87a63bdad,Sean Koch
85c41a69-8123-48bf-b3b3-b61265ed8f86,Alexander Johnson
52efc351-47ff-44f5-913f-192ef3441210,Scott Thompson
291e3967-43a3-48d7-bc03-db0ad3e3a744,William Valenzuela
d99aba7b-6e93-491a-af83-5ef309e1e3c1,Jenny Harrell
e9cfa644-982a-4ffc-85a6-14db214f3eb4,Brendan Hawkins
25eac425-161f-4adb-9c71-0bc6b8a91fdf,Daniel Mendoza
d278f3d6-c8c6-4542-a4e4-e69b76a4b41c,Shirley Stone
9581704b-8659-49b3-9a70-e9a52c9ca4fc,Cynthia Alvarez
af3e4f3a-8296-4a5b-a8a9-89da440bdb21,Brenda Kent
1e675d03-6905-402e-9c2a-ba670aac1fde,Nancy Mercado
bcafb3b1-b7b9-4654-8f7a-61b79a313137,Katherine Odom
2c2c3aad-56b7-4756-a50d-c42a07eff8ac,Amanda Johnson
db38a735-d8e3-4313-b357-0bf6e1a28532,Danny Walker
5aeb4cc1-c4b8-4594-ae8b-2325b5dc3cbe,Sandra Dixon
aa4e2e1c-7820-4030-887e-4e996e140632,Nathan Murray
e7a8bc8a-0083-4dd2-b90c-b0b6f8d275ad,Joshua Mann
02eb8226-ea56-439b-9ca5-4767dac1a7f0,Christian Mathis
b5f29517-44c0-4598-8616-57af4d752672,Michelle Wiggins
2e938a85-14d1-4416-ae43-c90158539e19,Stephanie Anderson
7be1ea5c-8570-4eeb-9c3e-297555db06c9,Emily Bishop
5b58f247-5b8d-447e-b925-29fb003e892d,Michelle Sheppard
a08f5f37-1b62-4a4d-ae8d-368daaab7672,Chloe Payne
b0135e78-fc04-44aa-8dfe-47ff401d4b22,Ann Yoder
685d5a00-64b5-4099-8aa5-d35a546f15ba,Glen King
117bac4f-d2a1-4cfa-8111-37dc31b3e462,William Oneill
5118316d-0224-4b43-a826-dcc73bda5e38,Katie Ruiz
d1459c35-152e-40f6-b9b2-77fff60aafda,George Bennett
8d0ad6c4-ea0c-441e-8771-643c345b90d7,Mary Pacheco
53f75bb2-f7df-4a46-ac6e-0e5ac2ff1b1b,Patrick Shields
7d0a9b29-928f-4e12-897d-a6a56665519f,Rachel Watson
7d39d2cd-1bd2-45e4-ae75-6adb8b3a2ec0,Michael Acosta
eff276ac-1786-450b-8329-e55b41994287,Jennifer Manning
dfd4f702-675c-42cc-8a39-60029c3a7d29,John Marshall
9fabf6d3-4bde-466a-bab3-44af9af0c058,Susan Meadows
1090b8d2-2c39-41c9-bca6-6e309de5c920,Robert Torres
e6ec4ce0-f214-4a66-8332-53d0d6847752,Ronald Jones
d033e071-c93b-4469-ab3f-491889c478ee,Jodi Mitchell
4ec2d451-0d30-465f-8959-8873dfef2174,Brittany Johnson
cd966adc-46ff-420d-b0af-2d7ba3b35bff,Courtney James
a264c564-3ee6-46dc-9f52-63c629ecbf47,Rebecca Jones
8b6fc93f-f240-45f9-a440-f802e69bc775,Tyrone Ryan
2a9599c5-383c-43ef-86d6-a174370587cf,Stephanie Williams
f516dc44-82c1-4a7d-8ff3-c7cacb6aecf0,Diana Webster
ad448456-36f1-459c-9b4e-3bd3cfbad871,Calvin Mccullough
40f144f8-35c3-482d-b5de-059d0f210e50,Kenneth Moore
b81f8cb1-c989-47c9-8384-bb062bd8bb11,Christopher Cooper
3de1d71a-5b5a-4501-9184-52de5827a3c6,Shelby Morales
a9e8e126-d615-4adb-898a-c2335d9e680e,Jonathan Rowe
566fa367-3089-4e18-8bc1-7b785e4a60f2,Jennifer Sheppard
6261e64d-952c-4ba5-a06c-ec2443547d35,Casey Barnes
592db2ef-1303-4698-850f-4faf8fd7cd74,Sydney Wise
f3df696c-0380-4cc8-bc33-5d89a480808e,Mark Taylor
71af4e05-8c06-48b4-a80a-727f9269ffe5,Ray Mitchell
66c7cec7-b184-42e8-a0eb-38ddab01be60,Janet Griffin
b6228af4-8b61-4310-b98f-4ecc14ee07ae,Kevin Martinez
49b1b339-d819-4e4a-91a9-cdbf16d18f07,Brittany Brown
61ef1565-60b8-45ca-ad62-829d9daea0f9,Jay Haley
1b063c6b-55cd-47a1-a6c0-48b687567c2f,Amber White
c795767d-1644-43a9-8a08-987ab10df426,Nichole Brown
9c6c62c7-556c-4d48-847b-85fb828c9b8e,Dylan Carrillo
6f9b02db-2557-4352-9bfd-196726baf741,Donald Thomas
60aa7e50-2388-436e-bfc9-3969e5db2e26,Kerry Tanner
6805237d-43d7-41bd-a6d3-971ca027c18e,Lori Butler
c10f99dc-305b-4849-9c0d-a1ec72c05fad,Brittany Thomas
da873ed3-1c11-475c-9c15-eeae926966ed,Brandon Lindsey
8559608b-3711-4cea-8b72-a30471279ea8,Kim Moore
6f18fb39-8146-4dcb-a4c6-cd4c5f07665e,Chase Garcia
8a60dc20-669e-45eb-bc0a-a3787d42d6af,Stacy Ibarra
c14a8532-6cfe-4708-b5aa-cb78047a342f,Kristen Ramirez
728dc16c-807d-4e7d-bb75-4f53d1a0f923,Shelly Benitez
e88e4741-012f-4305-b091-99fcc096aeec,Nichole Garcia
44c0b8bd-5473-4f9d-88bf-4cdf87c5a382,Brandy Ford
e7908c89-06b6-45c5-988e-edacfc2d301a,Joseph Fletcher
67b07031-c22b-4553-86e5-8d40626b963c,Mark Smith
4bcc0cef-0887-4cbc-b846-a4df87b9712a,Stephen Mercado
8fd3cbe7-b8ed-4234-8fbb-4a6b7468de4e,Patrick Knight
efefe88d-5412-4040-87b0-2d273bc852fe,James Gardner
1c257b4f-9d30-48c2-9332-f593ff10ed95,Mrs. Hannah Figueroa
fe7d98e4-4873-46da-bd95-f9d736e0a8d3,Brad Hogan
141d3900-ef89-420f-9b00-28c8956cadca,Susan Bennett
3fc55baa-59ff-4469-9d2d-86d2a197317a,Megan Wyatt
7c44c38a-7005-4b08-bf47-8cf687a9c6ab,Roy Young
dae1f807-25ce-433b-b29a-e5c15f811a30,Richard Holloway
41ba822b-f4c5-44ce-96e8-0f8058db1e4a,David Mann
1566b405-f548-4410-8225-4121f0f5f42e,Deborah Jackson
3499e243-7436-4c6e-a3bc-616404de0ed6,James Stuart
0021d386-3778-4509-8e5e-802d6b704eb1,Mary Vargas
85f4d4ab-6f8f-42c0-8553-666c20fd4307,Caitlyn Hill
cf2f7871-0915-432a-947d-d75f607aed60,Mr. William Baker
c4a64f35-abb2-44bb-b819-121a2dbbdd6c,Julie Robinson
8d9440e6-d88b-4b0d-b961-4c8fdd3e5594,David Grant
09792119-bf3c-48f0-a97c-e2be82e634fd,John Kelly
aee360e1-980a-4ed3-b966-1ca57be86fd6,Nathan Howard
950e2de0-4cbe-418e-a2e2-a898536ca647,Joseph White
83eb2a83-9423-4c44-b582-70bd9b4e5c31,Tina Grant
efae83ba-1218-4df5-8780-d3b9dcf174fe,Brian Ford
0740ae24-7e33-4e92-bd84-a52483475419,Tyler Spencer
b3cac1ec-3e2e-4243-9bc2-2f66ccd3d8ad,Sara Stephenson
ca5522a9-3f08-417f-bf2f-fcf8d768780e,Colleen Johnson
f6de495c-b2bb-4807-9caa-95905845dbef,Jessica Bowman
477dcf4f-6fc9-499b-992a-2c8a8c614647,Dominique Reed
45c8666d-73e6-4a36-9ece-06cc54a7e690,David Foster
d9b37807-096d-46e3-a421-df206ddfa59f,Benjamin Jackson
9aab4bcd-14d8-41ad-9455-96ebefac45e8,Lindsey Salazar
69a0a3b3-87fc-43f2-8d90-023d6bc5ec85,David Reed
cee01c91-a1e1-482b-a599-4016951cb5b9,Mr. Robert Wilson MD
607b779c-97f7-4ea6-9da4-db1c4a104019,Ashley Washington MD
ea322e89-2772-41ac-9738-8dd2293b2350,Walter Saunders
dd8b52e3-a93c-44aa-b778-9765e1c983a1,Charles Romero
7b182d57-94e9-4069-8f34-0411db67abd9,Cole Kelly
39fe5439-1a21-435b-958c-191357adf809,Sonia Barnes
9e7dc112-40d9-4c72-b200-fd70fc4909ca,Ryan Garcia
24a22e8a-1f8e-4f8d-97a6-dd1a9f2e98f8,Kimberly Lewis
702ce713-0c51-4a41-9639-f88dd176ab84,Leah Miller
9d32ae3a-d38f-445b-befb-a2ccaa885210,Victoria Cameron
4f3a5025-da12-4252-9953-f95f44bbae27,Amy Simmons
602a8960-3182-4e2d-b778-f4e6058fb831,Douglas Coffey
32264b6d-10aa-4768-b3b5-57303f422c6b,John Simmons
2bc58418-3338-4648-8fa3-c80e823ed09d,Michael Lucero
9947f380-2660-44bb-803c-1cd3409de96d,Shannon Taylor
9d1c7036-c129-4663-b267-58b55cd4aaba,Jose Cook
99d595e0-84a5-439d-93af-03344c290eaf,Sabrina Downs
a4b05bd6-1dca-4cf0-be47-c996ca8db632,Nicholas Meyer
669498d7-9c39-4e3b-b6ca-00a0096669df,Caroline Lucas
f1e0b53e-9c7a-4bb3-81f8-a126cb5728b5,Cheryl Patel
b017632c-cfc9-4f25-a0ae-236a2d7f63fa,Cody Vasquez
7f2601d8-f69b-46f7-b783-b18118a97e10,Daniel Kaufman
efe19921-757d-4d1f-b735-249ccb0c9b41,Laura Callahan
5edf0c4d-d5c0-4250-88d6-e3c499cc2312,Ernest Martinez
fd3c1350-58d7-485c-a83c-fa9a68afdddf,Brandon King DDS
d47c4e59-4d24-400d-b434-edb2ccd09d86,Sabrina Hall
8f28b14c-4752-4f1e-8b68-e5b1571d8b1f,Renee Clark
741ca3a3-354a-4c4b-852b-0189d96efcca,Richard Myers
9c4ede36-a05e-4526-8258-37b72af21a69,Robert Allen
992a648c-9c9b-411d-a175-ea52fcaa9a17,Amanda Bates
cc22472b-fa7f-4ade-9986-7980a5df1f4f,Mary Ryan
8ccf542f-b80c-49ed-a3ae-36586bf95380,Derek Francis
03a5a77c-15d9-4e6f-b9de-f15d81c009c3,Mrs. Denise Allen
4168e04e-9a21-4b91-812d-933164349190,Patricia Smith
6d4f93f0-d076-4a8d-a81c-d7f8ab1d1ab7,Dawn Cunningham
25d95a65-1116-4de0-988e-b20147ce2090,Matthew Roberts
e61afdf5-49f2-4d1e-bad3-154b2ac05c9f,Adam Reynolds
6e3cdf7c-4b75-4863-93ed-c51f9323aa6c,Jean Young
c31530c1-dd0c-42c3-893f-dc384e3b8d69,Tyrone Williams
e43f7934-c0b1-4c18-a903-db7fc28ac893,Sara Spence
aaae8578-efff-4f50-80b0-1b52bc5c840f,David Thornton
4be44547-2288-4bf8-8948-883002a563cc,Jack Huynh
fe6dca4a-98b7-430c-9aef-0352775fb0c3,Caitlin Vasquez
5e1ef24c-6b91-4397-9133-0a9b1dd17fce,Anthony Silva
fdf96950-dec6-46e0-9932-3570a499527d,Shane Barber
a63c61d4-f21d-496a-b1d5-6187efb67332,Anthony Simmons
c92d7e1c-1d56-4bc0-b427-fbde33b740d6,Lisa Jones
8605b33d-7145-40b6-a605-2eeccc7067b5,William Smith
d85998e3-048e-4782-88e2-e80cd4914332,Christine Waller
be2c87c9-4366-4ae0-83ba-8dc5a12e6d1e,James Mitchell
1a010cf0-160d-4c3b-b23a-3b44376f201e,Anthony Jimenez
87edfc70-f037-43c3-a063-7e6620652390,Amanda Vance
65840880-c480-469d-b6d0-f09dcb7fbef2,John Dunn
a412defa-6eb1-49e4-a0e8-3b85616b83be,Danielle Griffin
cff59d6c-2f26-432b-8526-a2c52f385f8d,Amanda Kaiser DVM
5a9d2e2d-1cb3-4316-a933-04e5a9f4f3ea,Jesus Padilla
4dc1dd35-2ffa-410d-b997-6ab6c06f6994,Jean Hansen
6ba9ffff-7994-4263-98df-18d34cfced99,David Smith
b606ab39-34e1-4f7a-8813-4434775c7f9b,Carmen Arnold
0f70234a-8a67-4d7d-adf6-4db210708754,Jonathan Davis
6f387100-8066-4fce-acb1-2745240b0d8b,Joshua Garcia
994a9c06-4afd-43da-a2b2-0f8700496686,Jody Hale
986c2e95-6518-4122-bc2e-3ed044a61c94,Samuel Vincent
491a5011-ccfd-4f15-9aac-b9c2940ad46e,Sabrina Black
41510c4b-6b15-48c8-a4e4-a90d7921358e,Edward Whitney
b20d56ee-8b89-4ff0-ae88-4f9f07130d7d,Sarah King
371fd529-0c94-414a-9548-92f5cb7d30c4,Kevin Booth
a1095301-f586-4ecc-99c9-c99d2cbc4c8f,Laura Sparks
38ab756c-3669-4571-80e6-7f5fe5666c5a,Leah Caldwell
0ce77ce0-cd3d-4789-9969-1b6f5814ed96,Nicole Lewis
fed5170c-9640-468f-855b-0aeed6c83326,Paula Mcdonald
f12bba7c-5301-460f-833b-ca68500cc63b,Brittany Peterson
d1cbef33-d490-4f78-8c0a-436e18991fb2,Theodore Boyer
686754b7-1a40-4077-897a-ad8cd0fce387,Jennifer Stevens
8013321c-1849-4986-85d5-a9ce81fb13ee,Alexandra Chan
e028a9a4-c055-45b5-8d9c-6a11c7a074c9,Kevin Gomez
76587ac6-7bc1-42c5-99ea-5bbc4f378099,Jonathon Williams
71a49f50-4458-4286-ba98-7f778a599da6,Robert Marsh
3213012e-a481-4ae7-a7e5-07dd7f19ab6e,Brandon Perez
990bd06d-df5e-44c2-b55d-6efe4cfae293,Ryan Serrano
c9cc70f4-b67c-4d2e-9c32-941e2c8dacc8,Cynthia Martinez
5714308a-6555-42d9-a276-9499b4cd6618,Wanda Osborne
6d881483-f811-4a98-9d22-b57dfdd96c74,Carol Vasquez
3a76445e-0a0b-4f93-ab2f-9399465b15c4,Gregory Rodgers
254db440-8a55-4e72-b2a3-25bc1171c48d,Carl Dorsey
17d0ff51-c5d4-46d7-8f77-def54ae14ee0,Garrett Martinez
24cdc592-8603-4f99-b562-3816259d88a2,Anthony White
b97abcac-dfb0-46a2-8351-39a4f54626be,Jonathan Schaefer
b10cc2a7-f99d-4f21-bbca-f0faad06658b,Megan Mcdonald
210189bc-ab64-4b0b-ba83-29ca30986a33,Sabrina Brown
bd47b3ff-ec8d-419b-91f9-d6b5173908ee,Bridget Vasquez
72291ee6-3230-4067-bce5-e8ac9d92b6bc,Elizabeth Davis
256c49a6-60e0-4214-8ed4-a56bd186a631,John Barton
71fd1c62-5a51-4207-b9d6-2b5b93543bdb,Calvin Strong
106b0d8a-c5ec-4547-b469-64417730ef65,Amy Hall
7652b9e5-0237-4192-9cf5-51c3184b59f5,Jessica Lynch
31548ca3-5a97-4e09-8188-27c6acb63712,Lisa Lee
f50ac9ec-d0cb-4cd2-968b-d749e3cb3681,John Paul
94472583-978d-468f-b738-f7e64e1afb62,Katherine Wood
c3444948-bc5d-492e-b8aa-d32c296fd03c,David Freeman
094b83b5-7c66-4daf-9df1-22e6d932f951,Cindy Matthews
46e8c8f6-8d73-4ffa-877b-58f405d24bb8,Mr. Alfred Reynolds
fdccb520-36c3-484b-8742-6c0dd2b82299,John Roberts
6827c8c3-d712-4be2-b3a9-2fedfeb643d3,Laura Powell
b466969e-6363-4f93-9fa3-bd2619e44d84,Elizabeth Walker
4445c9ec-81d7-4f92-bc98-582929274a82,Steven Hansen
e90c7df3-79aa-4220-b43a-6a31b3b83924,Ashley Davis
06d76869-70e3-4bb3-ad2c-77acc7b7973b,Melanie Davis
7330e9ad-2e4f-4807-9cf9-47ca83d89767,Bruce Henderson
c4f2e070-f362-4979-870c-3009f609d44f,Raven Johnson
d17c6a20-5fa9-49ee-9307-ef932cf0cfb7,Brandon Small
64e53440-b0c1-469e-834f-b2fc1479cae4,Joseph Murray
f577f440-eff1-4b6e-b96c-e4d75dc90542,Paul Green
8db78fe0-9d06-48da-8f5a-6b69c3bab1e8,Richard Baker
383924ef-cff5-457e-9449-a2a547d97993,Rebecca Bradley
aa996596-0483-4474-a7bf-a798d8ea85b3,Charles Pineda
d6758f24-f2e5-42a5-867b-12937bcce236,Jeffrey Cannon
23745ac2-0ea7-430f-a9c8-1278a4fa77a8,Brendan Figueroa
bb49f11f-ae13-4d6d-b7a0-9f6ed51e2a1e,Amanda Young
09b3a604-3d52-45ad-8610-0e6c4d62ff1a,Stacy Lyons
21fc2808-6cab-4deb-8272-aae244536d71,Lisa Aguirre
13c084ee-e0e4-4f2d-af95-ec89eac39a48,Tiffany Scott
47fc4ef7-58b9-484d-98d9-79e19c31543e,Gregory Glenn
67845aa5-3ae0-40bb-bb44-e8c3ddc38f93,Richard Lawrence
6ef3e2b7-c70a-4cb3-bf2f-bb7a5dfce32b,Sarah Yang
d4f14440-7b64-46b0-9391-b11b199440fe,Kristen Jacobs
907eb5a3-32ff-45b7-a527-e9f30f546f21,Christopher Schwartz
de316ae7-900b-4bc5-bfa6-73ba0d67f0ab,Faith Duncan
920e4c84-b798-46c6-b5dd-9c9fc96681ed,Christopher Smith
ac7582ca-9fab-404c-967a-010a0b5a2a56,Mark Chan
bd1f985b-e8cc-4531-913b-bd94731bb33a,Cheryl Robinson
c05381d6-e768-4eea-8c67-fb977f6f95b4,Joseph Mcintyre
f6e843d5-d4be-4459-92ee-1d0e550ae601,Walter Allen
ec6ca5a5-b36e-4ee9-98b6-dfaeed014782,Elizabeth Perry
190371ae-00b4-4516-8472-52948d5f976e,Karen Howell
88fee675-7dc4-4b49-a534-7488611cf291,Michael Gonzalez
9940df4a-487e-4d51-aead-26e9944d78bb,Angela Roberson
ade668e2-c0fb-43e8-9ede-3db8576910ac,Christine Miller
e21b7e80-f9dc-4993-9831-c66dc206d936,Krystal Mason
949e586e-402c-4811-9054-ccf4cb5da672,Jacqueline Lewis
bc912de8-7bef-4014-8d94-8dd7c67b9c88,Lucas Fields
3b29a657-923d-451e-9ec1-834a2600843b,Kathleen Lucas
9991c871-4786-4abb-8592-4b3bb2b3c6d9,Rhonda Watkins
3c4ade38-301f-4f94-b58f-eb2e4af0c2d2,Rebecca Thomas
a6fad780-17b2-41cf-8865-28a80d192315,Ryan Cain
b753fd54-089b-4066-a692-799ad40b98e2,Kristin Payne
1f338354-1bb8-472d-be6c-68d03038fdb1,Jennifer Martin
49f2536e-3b93-456a-9bec-7259ab0a1844,Gregory Moore
207ae0a8-fd39-4e7d-ba96-548cdc33f939,Aimee Kennedy
7f53e78c-e080-4f93-ab2b-91fe91203058,Daniel Davis
c295aabd-0de5-41b2-9251-e6a8d5205cda,Adam Carroll
bd665624-84ec-4fee-8d2f-fe61f4d1eb85,Daniel Wagner
2b35982a-938c-4513-b3c6-295ba29ba06c,Lisa Palmer
8d7959c5-47c5-439f-bd53-31b1bc35dfa5,Teresa Campbell DDS
fa81e513-c596-48c0-a1c9-7322d1099bda,Christopher Moore
cfd0d63f-4636-4ee7-ab3a-19f57053e75b,Marvin Kramer
b983b258-d84c-4804-a2e9-202cbece93d5,Kristin Benson
be0f1c62-b0bb-4203-98c8-8dd727a5d261,David Edwards
17a52594-f621-4648-a97e-31ae5304c71e,Jeffrey Ball
097bf76e-a7f2-4e45-927a-bcf5ba2d5843,Jonathan Bright
eafc8553-679e-4c3a-9bcf-96dfe65d6c42,Tara Osborne
262eb220-59c2-49b9-9e4f-904ca35dc0c3,Kimberly Haney
f57861b3-9cfb-47f6-89d0-edc58858b09a,Alexa Marshall
7bdf99b3-02e4-4b6e-b10b-07e987d81ffa,Steven Reyes
2ba2cfa9-df47-459c-a17a-076937196bd3,Kimberly Coleman
4ff27b6f-6256-439c-9f56-cc34e2d064b8,Jessica Griffin
a21b91e4-c78d-441c-bc81-ccba8bdfb246,Melissa Wilkinson
9764b1cd-a1cb-4757-9228-eaf71c004b7d,Nicole Bishop
06bd143f-1fc7-4cf8-8bba-5b0a62ff14c2,James Mitchell
69cddcf5-a170-4478-99d1-1dbe2a833ce3,Natasha Montoya
10067938-6bdb-4108-a311-9eae3593054e,James Calderon
1638b0c2-9db3-42e3-81db-7a8af14cb550,Donald Diaz
a4f0c33a-501b-4b91-ae62-5fd9f3f43aa7,Jeffrey Bailey
41c128cb-edbc-4f38-85a6-16e13a7ecaf3,Carla Murphy
2e6f5f12-9f7b-41ea-83b6-dae21c0ad313,Nicole Smith
105a49a8-9bb0-43d3-a41a-214aba7fe2bc,David Nguyen
fd122dcb-5c4d-4ad6-9184-2f43162b7e77,Karen Pugh
ee8e1232-e2f5-4e29-ab63-327aa5069870,Jill Mcknight
a391c96a-d35c-4221-8d6e-ce6015d79f9c,Jennifer Sanders
cbe6be2b-8d7a-4468-b804-a0aa18b8b8e5,Kelly Carpenter
24994f7b-379f-4a52-9d05-66d66cb48983,Whitney Salazar
599d0040-594f-4d56-8927-12343f82add5,Karen Bennett
53c1bb65-5705-43b3-be29-641704b6df8a,William Trujillo
5554bd93-1f1c-43f3-be39-2caab00ca098,Mark Jones
d9c6612c-cc1c-4bae-b6c1-d022753f94fa,James Jones
5cc10d23-e8cb-49d1-b202-13b5d5a8d49c,Matthew Rogers
6e94246f-fec9-4886-9550-505bea57a240,Brandon Duffy
f8236702-3d03-455a-ab19-efb1864ae14f,Chase Rogers
75e27219-ed5b-4b0e-83b9-1671e94136f4,Kelli Williams
8d9d29c8-cfe9-4454-80ac-9f3db4b0ac34,Joseph Sanchez
65ef413a-6d06-47c7-84ed-df047e4e5d1b,Jeffrey Boyd
881267bb-67df-4a99-9d0d-975877d169ae,Megan Fischer
968ff9db-90e9-4da6-98c6-516f2f7326c3,Rachael Stafford
dfeb8216-4c3f-4a56-968e-b3b6cc7b8218,Thomas Fernandez
24943814-be08-44e6-bbd9-69b1c4aeba73,David Curtis
ded5bf80-b3e9-4d4a-94b6-ba223eba6d80,Jacob Lloyd
8ac0b415-0a0c-4f21-8356-661a56cb4800,Linda Carlson
112fdefa-879b-403a-b57a-f95256056942,Gabriella Choi
3c328e59-da95-45a9-8e67-631fd666ee64,Sheila Lewis
499d88b9-4904-476b-b61d-5801b147ba45,Melissa Pearson
9421b9cc-d2c9-4643-b18c-2411e1f80da8,Omar Reeves
04cb5e71-2c0c-43e1-a7a9-04470654f616,Amy Roberts
cae8bef3-fb7c-462e-a07a-7f81931979e7,Stephanie Navarro
f2be03a8-85c4-45d7-810b-2534fae44a90,Robert Marquez
5d54dcdf-87d9-4407-9976-b585977798dd,Michelle Barton
abf17da6-dafb-42de-9954-58be11134e6b,Michael Morris
bdd4b1f3-e19f-4b15-879a-011596837345,Dr. Matthew Brooks
427a8393-528e-458f-9b65-c80022efc3d1,Richard Burns
5a2b5e40-e86b-4402-aea7-b47f31217392,Roy Torres
34c48ec7-10b4-419b-aed3-3553b83a977b,Jessica Duke
4ab78435-5a92-43c5-b0dd-a83f4026c122,Destiny Simmons
ff8ffa2d-7566-4b43-ab4f-8ca04a43c857,Alicia Blake
5003fbf9-cc9f-4974-9a5e-e30eaaaac207,Luis White
bec3db51-8ce3-40f9-8d4d-1035886c192d,Tracy Santos
ccf8391f-c400-40cb-994c-de17597eabbe,Stacey Ferguson
cacf4848-b68b-48d0-a99e-e99f102fae54,Scott Webb
57e13fc4-300a-4aca-9a78-408fbb97de5a,Anthony Green
21cd23cf-c855-452b-9861-a06d36a143b9,Frank Montgomery
0a89454f-8d39-452c-b3a5-077007a9a928,Emily Hall DDS
ac22dbdf-a3db-4eb7-9024-cc7fa7fdba05,Mark Johnson
799de0d8-f4fe-4dfb-99fb-09177bca45dd,Joanna Hodges
887d8e81-4d80-4029-b02a-f4043a6bc6c1,Deanna Kennedy
523581d6-c24b-4ef7-92e9-efa3f3fa43c3,Taylor White
fdd65744-226e-4078-a9b0-c52e7783fe07,Chad Garcia
3ec45765-933c-4fc7-9324-a19007f0ed24,Matthew Stewart
50c8d593-2ba6-4391-aa6b-4b9fbf15cd14,Timothy Long
a75bfe35-3d02-4589-a27e-f4ab76a4703c,Sarah Hatfield
7958b2a8-9423-4ec2-bc9c-26a089f3646d,Jose Fox
b9b93a8b-4042-459e-aee7-88614b6d8dda,Joshua Ortiz
cddc1698-247c-4554-a332-791eb9f54b39,Steve Blanchard MD
a5affd14-d3ac-48ec-bfb9-66719a29c2b3,Robert Skinner
45a575c5-f1e7-4fed-99f1-5f83d41a2d55,Alexis Gutierrez
7c725f69-601b-440d-ab5b-3b403f38d947,Robert Phelps
02aab57b-7cf2-4b91-bd54-8efc42164d3c,Don Valencia
f7cf4952-9fb7-4dba-ae22-2d887f9dd675,Yvonne Watson
a9141ed2-9c9c-4c18-9b87-2242d467d6f0,Mary Harrington
48798ede-2afc-499b-9778-1d387cec25f9,Kristin Frank
cb194a5e-a818-4d26-8f82-3e4e937d2c04,Brittney Baird
efca0374-c6bf-4bd8-ab39-d8e25a3f620e,Paul Perez
468008b9-3b2d-4ea7-b632-60c20f1b91b3,Jason Johnson
31283315-3a0a-4b8c-98e4-a41866cd8a35,Nicole Johnson
178d77cb-ffad-46fd-a801-7f2d3d0596a6,David Byrd
09e04d83-bc15-4c1d-8841-e304ac32a3e7,Michelle Herring
141862b6-0309-4004-a8e6-25b6ff7706d5,Christine Wilkerson
95fde65a-214f-411d-978b-384dd96604e5,Matthew Walker
1b35ae4d-fa11-4397-bdf5-993bb421dde8,Wyatt Bates
93913350-3ee3-414b-a8d0-2563c3cbb667,Rachel Willis
69662fed-37f6-4feb-8c12-cc3549f6e5a7,Kyle Carroll
4f847e6c-b466-4a8b-81b5-48cbf7c23901,Ashley Ross
383fd46f-13de-46eb-9efc-09f261f12d70,Leon Oliver
d65abf1d-9293-4118-bbb8-5b0855793713,Anna Hunter
746f8d85-dff4-45b8-b40e-fa427ebdcac5,Janet Jefferson
46225afa-a3af-4378-b669-f63d2dbe26cd,Ann Morris
ceec1230-ec16-470b-94a2-7a4f7c3385b4,Erika Phelps
661ba7e7-6a26-4114-986c-fb2d2e845e14,Amanda Fowler
1c4b9152-f9eb-463f-8cea-176d9a82631c,Gerald Odom
64873061-683b-43a1-b3d6-106c5660b9d6,Jerry Thompson II
26a61185-0d38-47f6-8d40-c7273dd3046a,Harold Jacobson
d0bd5fa4-989d-42fc-8e64-4cb65ad93e91,Sandra Norman MD
ce6cecf2-1908-421f-a865-d68252b949a8,Melissa Sanders
c2b7a11e-f7b3-41f5-a32c-5a2e159e03f9,Andrew Stewart
3d1a0a68-eac4-4c01-bc36-07315f516530,Matthew Allen
81105cc2-7278-4598-a761-0843518f9d7d,Rodney Gardner
1383628d-d0eb-42e6-a565-6dd30638aa02,Seth Atkinson
6cd90ffd-0b95-4577-aec6-2e34db704b3b,Erin Baker
d0fb443c-1d1a-432f-b0c5-5db178e1bc09,Elizabeth Chapman
90fd3e61-2294-4c92-afed-17ce862bc8c8,Nicholas Curry
716ae06d-ce5d-4814-811a-8347dbda652b,Shelby Gonzalez
04158961-8e0e-4c4f-b7ef-8ae7cd401674,Henry Zamora
7359f167-001f-4c3f-a1d9-84fdaf0d1142,Brian Johnson
8befff00-3287-43b2-9030-d64073118966,Dr. Alex Butler MD
0deb7a56-f94f-4ce6-9456-492b2bb496cf,Heather Ferguson
0d9f59fc-eaed-44ed-902b-8f6d3f60a77c,Jacob Reeves
a9842db8-bca3-4bca-8dbe-f07637282047,Eric Francis
98c9b634-c02f-401b-a8a2-63fadfbfb64f,Emma Mitchell
eabef13d-bc05-4dac-97ed-56013d1cd508,Lydia Knapp
45899069-5885-4936-bfa6-57706b67c722,Christine Gonzales
34a3b47c-4480-41c6-ab2d-87e10b0bf53b,William Diaz
9d48848d-3b35-4360-8608-c6d45ac901c3,Jennifer Richardson
09964621-29ac-4852-9e52-889a90144854,Thomas Houston
1501d7c3-bbff-4497-b810-d74e3ded2515,John Anthony
f7358106-2028-4150-ac7a-d1a2d96de6dc,Tony Mendoza
2af328e5-2797-4f32-9eca-3268d350b5e3,Thomas Williams
075d9492-2ecd-453f-a6f8-3a6f97169658,Michelle Gaines
680e509c-9ad7-4193-9873-017b35004080,Frederick Singh
9629e33b-8b5c-4f5b-bf99-e7020d406966,Kaitlyn Branch
6d75dac4-72af-40c5-8d53-bf856ba14f1d,Teresa Williams
39f08c0c-fcb4-425e-aa87-2dc850c40343,Jose Butler
3c958f7f-ee96-4b5c-af90-030b3942a912,Jonathan Anderson
9b7e6fca-1d71-4b40-b0b6-43dfb70fb3ea,Gerald Hicks
c67fd46e-1939-4d8e-8b83-474564723a1a,Susan Johnson
a63a499e-f991-4242-90bd-fc8e5e6eadfc,Thomas Peterson
a86baa26-db2e-4d6b-8dc6-5d72ca2df21f,Kathleen Goodman
c6d72b96-8128-4d65-869e-a99576588746,Brian Mcdonald
78a1a18c-6f80-4d6c-bcca-c646cb875796,Michael Miller
edda7bfd-3c68-4a75-b0fe-8c8963193510,Nicholas Gray
caccb887-4565-4fe1-8f33-0e003f8158c6,Samantha Humphrey
0e4f94b9-9a73-43d4-9970-f7e7787b5fa5,Victor Bullock
ba45422f-a15a-4654-b535-be0726e6b6da,Erika Roy
d7f5078d-145c-48d1-86c3-3d24a21566f9,Henry Strickland
e75f5578-b49a-42d1-ac0d-33242e481a60,Brandy Joseph
c9f80e49-d0a9-47e0-91bd-c7d9b5b8d7d9,Dustin Macias
d9029d3e-bf5f-4bc5-b856-4c9edced50ad,Kelly Pearson
79b4807a-5f39-4925-af64-d9229bd52f38,Kimberly Cherry
26ada077-0486-477a-9ba4-1329fd9f44d4,Walter Richardson
f3cc27be-f0eb-4b59-8c5e-481c51c8ee58,Tamara Odonnell
e25af5d8-5acb-4dda-8b49-1a3a94a5729e,Jaime Wood
633f39c8-6866-49a3-bf9b-84dbe9991eba,Ryan Lewis
225b2957-e366-42ae-92ba-de79111eaab5,Taylor Hudson
dab23601-ced0-4ee0-bd0c-3659a19aba18,Emily Butler
fd23bff3-4236-4b5e-a164-841ddd215638,Catherine Navarro
d286d458-e3df-4d03-827c-e7427dd226bc,Desiree Scott
19d7e348-14a6-4905-8833-de4398cdc2b7,James Lopez
b913ef83-2ac3-44c4-874a-543cf36dc7f8,Mr. Joe Lane
dcc96a73-805e-497d-9778-1706fec84f43,Valerie Howell
8537eee5-0b0e-437c-aba8-0104609efa00,Mary Ramirez
dd7d8852-5ea7-4904-96ec-697c43c1153f,Laura Reynolds
5f523cde-79cd-4631-8f0c-cdb986c7931e,Tony Murphy
5b8c3664-cd80-4bc3-942c-67188689ddfb,Teresa Perez
108c4873-c936-46bf-bfab-442dd725e0f9,Kimberly Morris
5116baeb-651d-4321-84ef-8b95891aff65,Matthew Love
cc3d55e3-82ee-4914-a5cc-6c7f01e56586,Stephen Hughes
21a01ab5-2059-45ec-957a-2901574e6e53,Zachary Holland MD
33c7aa2c-5968-4bd8-85bd-28b2166c4741,Hannah Benton
2f0b37b8-9f32-48b4-8e75-59e8476d362b,Lisa Huber
15d5a47e-1117-4f20-883d-3df6abaac9c2,Kyle Hart
b9754b64-7d6c-49f4-b245-4d43cadd4925,Grant Poole
3cea641c-5e0f-4408-b44a-fe334529bfda,Abigail Lindsey
7c169e4d-3697-4165-ac95-e7c7b5d7e0b9,Noah Jones
fdc11ba0-5740-4f93-b037-95f4ee72d752,Adrian Harrison
e2476fa4-c6a0-4b24-947e-2c78077e3cf7,John Lowe
f570e381-7eac-434f-9e80-5afae51d2390,Lee Miller
7b6da257-5a8e-4c50-8245-8aaf26cf6954,Theresa Barrett
d1d9a016-c48b-4034-bf1f-526e871d372f,Jessica Grant
f708aec7-1481-4d8f-9063-5cf5bd3d8b0c,Courtney Evans
586f6d17-d716-484c-bd93-2b095c9dbe02,Natasha Johnston
5f8146d1-f90f-44d7-b13a-9379ca56990a,Timothy Evans
56dfbcd8-f380-4a7f-8cf8-d88042b12ccd,Jeffrey Brandt
b78aaa75-7c4e-47e3-8f6b-750342682d26,Brittany Daniels
789f6341-97b1-4f1e-b91d-03c8e90fd037,Lisa Pierce
3f80eb36-3284-4830-82a7-506fbef11334,Andrea Moore
fe9eb33f-0c86-4139-a2a4-ce0c875822a1,Benjamin Turner
9edb768d-cafb-4446-9592-e777912ca837,Justin West
84157179-cab7-4e04-8b24-4ca57d056a21,Jacob Richards
a500c78b-a96f-4a05-8cc5-dcdca0b6c0cb,Katherine Lutz
3633a1ab-750b-4148-89b5-896087615c47,Jeffrey White
88053e66-9fbb-4fac-a966-550a4de74eb6,Linda Snow
bb8e0828-f527-4deb-ab60-058e979f63e2,Valerie Russo
a2e37f8c-57c7-43dc-895b-9d4126c49bb1,Jeremy Riggs
30cd7ebb-3d47-4bd1-81ed-85b8769d5086,Daniel Burton
b37384bf-a138-4636-9fe0-87a6144cea4f,Savannah Nelson
e3226701-4b63-4086-83d8-7cfa35fb4237,Ms. Dawn Wyatt DVM
46290cc4-5a17-4126-8852-968246d48ba8,Caleb Wilson
57c55af4-f055-477c-8056-1b0da42c48c5,Christina Hall
ced1a34b-b734-46da-8797-4bd7c5f48438,Jason Garrison
aa7c7264-8d47-4b8e-bb16-ab247308f368,Nicole Perez
b76bee82-3ecf-4849-a8f8-23faa74409c4,Melissa Allen
fcb12487-2ac5-4f14-ab83-674b53979060,Mary Ruiz
0a1eb996-a455-4822-923b-ed3fb43db5dc,Kelsey Taylor
d4360661-0d7c-4d46-8b38-ccca893ae84d,Rebecca Smith
1307ead2-cdb8-421a-9cdb-5e06a534b7ee,Christine Harvey
00eec661-b437-45e5-ae97-87c9c8ffc83e,Sergio Johnson
bf78337f-e9ed-4f32-81cc-8ccc1aad9433,Richard Owen
5ccbe1d5-a217-4eed-b3e1-a5096b50a0db,Allison Young
865e7540-3509-41b5-ae7d-539ccac21eea,Dean Booth
95075ff0-d6f6-4110-a8ea-d45434b8ebf1,John White
f8737c24-aac6-497d-b12b-a9b170756454,Keith Phillips
f0e6cd12-6fd4-47de-93f5-fd2ea964770f,Jacob Ortega
9b8dbaa6-45ee-4bd3-a811-de6277f7248b,Robert Oliver
27a87d51-906c-4339-81fc-fed5f883a004,Charles Howell
872b0676-647b-4f7d-b208-49a3d3db47a0,Laura Jones
88ac60b5-f452-4573-b701-a7943555b0a5,Robert Lee
8b5c5dc2-5f6e-4ea7-855f-c0842b86cb58,Taylor Smith
ea479891-dc11-4057-ba79-aced93bb2d29,Michael Thomas
cbc3b387-903e-47ae-bf2e-77ebd7beae53,Jeffrey Durham
bea8b501-31ab-48d5-abdb-b47dc9a8309b,Andrea Rice
1ecea7f2-4da3-4a67-bc59-95c3174d05b4,Mary Lambert
80b443e3-ec45-44a1-9149-fdec397f444d,Linda Williams
3fed529d-674e-4865-86ab-aaa809c2e2c8,Amy Charles
1da00c0a-c0e6-4824-b9ec-06b2b2d8744a,Joshua Gallagher
48ec96f7-1955-4f2a-94f5-6115a1bef1a7,Edward Carrillo
cb4f96a0-ceff-4c9e-8c11-898658a1c0dc,Carolyn Moore
17f8a9b3-ffab-40ff-a4bf-f5b30e89adad,Emily Perry
3b1e11f1-47cf-439f-9f84-d880ced90e7e,James Maxwell
fa5ce55b-5bcd-4bb6-b3fc-fe2fafed833d,Traci Hicks
f3fff373-d1d4-49ac-a90b-ee6c5fd2c4ea,Andrew Foster
47633753-cffd-4a61-b240-8233cb965f3b,Joseph Mejia
07c820b9-e3ac-49c4-8933-b815e4bec647,Diana Robinson
4bc23e4d-bfad-4c49-8176-94b8cf79eee4,Samantha Miller
f5b14bdc-3f33-4478-b09c-6c4a75ab20a3,John Golden
60d4cbc1-9f7e-4afd-a99a-fecf893e4f2e,Monica Warren
b226d355-c3af-45dd-b61c-fe45039ec50a,Vanessa Hernandez
81ba3c83-3d59-476f-ab61-793b21c56e1b,Tiffany Armstrong
2eb2ae7a-692f-435e-813a-9259ce0e8e98,Kyle Logan
79b98c04-eee8-4f6a-81f1-068cc2b09ebf,Jennifer Erickson
70d70b1d-508d-4368-8efb-d74ff3976b69,Sara Dominguez
d7608bb7-5a4d-4897-b109-0448039f1a62,Edward Mclaughlin
d49a97d2-1cd9-44bd-bdf4-5a82f9461db1,Diana Rogers
643506d1-bdc0-4dc4-8b35-abcf0b88aaa0,David Thompson
7462f61b-64af-45d1-b6c9-4994a6e51d85,Theresa Pennington
d977968c-8aa8-4182-9831-d50edcba5171,Robert Anthony
600a5dec-bbbc-4ef3-832c-063575c124aa,Patricia Johnson
b8efcc8a-210e-45ee-9f67-6b384d2e0902,Christine Morrison
ce04b29b-e25f-4eee-918c-07f9437baf98,Sharon Marshall
22357b86-c94c-4d4f-af8b-38ed5d996b69,Kelly Bennett
06e5007a-2ea7-44f3-8cf7-806dc8f2decf,Brandon Alvarado
e1baf026-a662-4c6c-99c3-44fb8e549745,Susan Stephens
31dab1c7-e4d7-4ac7-beb0-d47749d235b9,Heather Mason
a3f6e15d-a6fa-4b91-91b7-c376e880957b,Fred Gibson
7f60ee9c-0ef8-46fa-b871-3c5a6eb768f5,Keith Perez
688d846e-cfd4-4389-86c9-4b15a5508647,Duane Myers
784e021c-74aa-4614-9e18-419f16606615,Hannah Ross
572f50c6-c14d-4b7f-8660-99cc3e422750,Michael Bryant
d946c3d9-bd4e-4e98-a4bc-bb056da481a0,Barbara Smith
e562be2f-f3a4-4fbb-bcde-3eef5207178b,Stephanie Sherman
54b1aea8-0661-434d-bf85-c69c42ca0cb5,Jonathan Lewis
6986104c-de70-40df-9be9-3698a83ce904,Alyssa Martinez
0fe2634d-c8fa-47dd-9de1-6d298531fca9,Philip Sanchez
1093b0b1-bd89-4f87-b9e9-97ec1ca52ec7,Clayton Brown
0a65fc40-79cd-4373-8dd5-a1e3e0a78eb9,William Clark
f607e432-9b84-4cce-94b6-93d659cd5e37,Sarah Thomas
6b36bac1-fe67-4cc9-82b8-4d947ccced67,Casey Miller
b1a9a8fe-b97e-4c01-ba96-6fde8531ca0d,Michele Moore
aeaf7476-8364-4c65-bb29-88cd9c209585,John Mcgee
e0ce6add-729c-46cd-82f8-f621f29424d6,Elizabeth Lynch MD
617ffcda-3837-4fc5-9fbc-7ed674291195,Julie Wyatt
7dadd22a-8c62-4b6d-9688-0c7d076b64fc,Lee Hill
f2d78823-69ff-487d-af12-aef67fb7d6a9,Michael Mills
f6d443bc-06b7-46dd-b553-f8c18d4ae144,Christopher Mason
6b25f630-666e-4edb-bed7-e102c6c13bde,Samantha Coleman
ec6e6cb9-46d3-4fcd-bc0a-15834a6044b8,Steven Edwards
0aa71f11-c870-4554-b806-8438d4d917b4,Brandy Dennis
1cd9c7d0-69dd-4c05-8a91-6d65d90e86ec,Tricia Garcia
e6957c62-e3b6-43ff-ac14-12b508f236a4,Brenda Miller
3942adae-a0b5-4ca8-9f87-ad4467c897f7,Marc West
1a243d8e-f9f5-4679-885a-b1949229a1c3,Henry Flores
cb7bcce4-92cc-421e-be60-a56ed312a94f,James Graham
0d2dd9a8-bde9-415c-b466-f370beb1ee91,Miranda Dixon
8faaeb46-9b1e-4fb9-8bdc-b5abf5d5cd50,James Lane
a4d078fa-02fd-4da6-9ce6-849266787a62,Joseph Wilson
f854126d-9921-417a-98d9-ce7095b683e7,Benjamin Adkins
071fcc56-ddb4-4b83-84d5-a6ff9da220ea,Richard Goodman
4d939e82-ad78-4c57-813e-c71070c2ec66,Manuel Hess
51b8628b-c3df-4cf7-9c49-db43fb697e36,Tiffany Zimmerman
4a492fb7-7e95-436f-85e2-a4908a38cf26,William Robbins
9ecd5805-36bb-4631-96e2-61ff322a3406,Victoria Villarreal
1332bf5d-7c38-4232-9d03-6f86641c55c6,Nicole Hall
78fc030c-3b2c-4800-aad7-65917f85360d,Kelly Miller
71a50ed6-19be-4402-8e1a-a4c50327123a,Dustin Santana
891e3928-87f5-4803-b33f-be4cae608a96,Dana Wolfe
c59a2e45-0d1f-4403-b83c-70d4de61a251,Wyatt Hickman
11b218b0-ae82-4c65-b198-c215e9bd8959,Ashley Santiago
b7903399-89fa-418d-9eaf-6576e080ece1,Brian Sweeney
7b212e4c-6e1d-4379-a5db-f3bc1e0cd402,Michael Hall
cf6bfefb-60a9-413a-9572-4203f46b28f7,Jennifer Manning
bd59662b-82b4-4c9a-959b-75307a4855eb,Heather Lara
6ccfc6a3-864a-43dc-bf26-028d0537cdae,Mr. Brian Wilson
80652e62-0298-4b4f-a4a9-cba2d2bb6b70,Megan Sharp
8c3cd8f3-1534-48a6-a194-1e5e65ec7611,George Ortiz
a6396bbf-500f-495c-8ddf-55700be436a1,Theodore Anderson
cc2ba905-faab-4edf-9039-1bfd128c854e,Sandra Gordon
2d28754a-41a7-40eb-9e26-c3483af6d46b,Alison Benitez
ecb3f71e-2b15-4642-8c81-be2ff99403c3,Charlene Henry
f6bff8d9-347d-4750-b9cb-e8e242cac734,Derrick Smith
5879a33c-7aa9-4f37-9fd8-43857416e328,Hannah Anderson MD
8ff82c9a-0192-4da8-af14-be1af3578d16,Amanda Herrera
7e92f43f-eb4c-4a03-bd99-afc526942774,Jared White
cb60dd20-626e-47c0-9cbd-bfc4a7c71165,Mr. Christopher Price
5ac8b1b5-2ca6-4944-8a44-ce1518ca7ef4,Shawna Knox
3b626f55-0781-4f95-81ff-7f708cd7647c,Francisco Meyer
73eb4e80-9cf2-4283-8915-765835286573,Amy Robinson
b0fde11d-472b-49b8-8be7-287720bb2e61,Michelle Williams
dfc549a4-6bd9-45e1-b849-314529855437,Andrew Lester
3f147e18-634a-4657-a0c1-8751c91ece19,Courtney Rivers
2500b27a-a44c-4af0-8f0d-e4837fac31a6,Daniel Stevenson
72b18bb3-1138-4284-816d-b0a8c4c1a3e8,Marc Green
dd068107-00da-47b1-aee0-650a00fac3fa,Michelle Barnett
8d759bde-e4f3-4c54-9c0f-93e5e56910af,Angela Hebert
24e0fd29-bd3a-4617-b765-42facba62e28,Shawna Williamson
276a92de-0694-45d1-a315-a56e6885fd44,Mrs. Veronica Murphy
c2819d8a-25c1-4586-8467-d2dea9cd3a15,William Hodge
7eb4d8aa-552d-48a7-aee9-4f713a6c09c4,William Kelly
71bd995f-1038-4d35-92a6-a6e2da3fece4,Cynthia Gonzalez
caefb23b-1277-4f69-924d-9bf7c037941f,Paula Garcia
2862fb2f-f379-46cc-ad5a-9ca41182d4be,Joel Young
5f643154-ef59-40c7-83db-b9ee3caef642,Sean Jackson
d41f1e5c-d39d-4b12-9172-e955bbf16972,Eddie Glass
5a96302f-ea13-44a7-b3e0-c1bddd32540b,Douglas Johnson
42f43c8f-3871-4acd-bf14-9438f9dbc8db,Douglas Shelton
5998d1d6-8c49-43f9-a719-2f154d0f7d8d,Gerald Castillo
df653b94-d83f-44a4-baa3-5388f1b16257,Nicholas Ballard
cda4b90d-d67d-4c8d-93a4-3596adfcedf5,Jason Gibbs
a6483668-46f7-477c-b69c-af672bdeabb1,Mr. Adam Carey
3afd541a-2a1a-433b-8e30-657edc4fce42,John Nguyen
ca1db941-4852-46ae-845d-44b645b70be6,Andrew Anthony
c4cafa58-301f-4c6b-80ef-8f934a3159b9,Thomas Watkins
bbfa2169-ef2f-4bc8-a307-4054d949ecdc,John Hartman
71362908-6661-4b17-8107-0a08009b9594,Christina Hernandez
fb0e176f-c7b3-4486-9d56-ec2b114b36b3,Steven Hall
88daf094-ff82-49bd-a921-be0957c5b6c5,Christopher Pope
c543f568-d248-4a14-8d56-72bcd7a5aa61,Christopher Ellis
5959f025-f236-4382-a43a-20fcdc33b397,Carrie Johnson
7c8a5744-b246-4561-994b-13223c2c3f49,Karina Thompson
3b8d6584-82f2-4195-b3a9-ac6280afa92e,John Lowe
66473584-ccbb-4133-81f2-7558ac16e5e2,Angela Vasquez
5bc47bd6-80bd-4ba3-b8c8-2e4641eab350,Stephanie Campbell
2fb03332-1972-4036-ac7e-ea43ff2542a3,Michelle Herring
5521bb2b-2a16-4e3a-bfac-2a5cff49a9b8,Kathryn Black
189a5af8-930a-46e3-b221-5e173803a8ec,David Gomez
67c98c68-2a19-41c5-98a6-751e74327cc5,Jean Adams
75e68ebc-4331-48a0-9d50-b5ee8e76f063,Amy Dixon
b2c0eb81-9b67-492e-9094-b3fd4e0e0968,Carolyn Carney
050e168a-300e-4c0a-afed-a3bdd330617b,Steven Carter
55f8e5aa-225d-48c2-b2a4-ae40dbcf8e98,Kathryn King
e0897137-c31f-4189-9161-057bfd658e2a,Ryan Davenport
1f20659b-b249-4bad-85e9-40e5e6c2fe63,Laura Hernandez
281714d7-0b84-49cd-b251-a77761490740,Jessica Best
d4f78f65-f7f8-4e03-b499-99fec1fdb309,Amy Wolf
12cc50bb-1ef6-4c04-990d-cae0105c963e,Natasha Carter
99fd8110-9d30-4af4-8341-4667f5b5ef7a,Pamela Davis
9d6ce0b4-02aa-490f-9885-5e2a26c03f12,Emily Farrell
87d13afa-3c35-4f3f-8102-f6615126ae44,Daniel Smith
ef13067d-8d06-42fc-9970-538ea756e098,Alex Taylor
8f8aecbd-4f76-4f29-8a68-c24940e69254,Victoria Russo
2301d594-8fd8-4d2b-a511-2ce56ccbb3e3,Ryan Wallace
3ab9743d-0e7f-488f-9d5b-b03098765631,Eric Austin
63280a5a-b9b8-4ea4-8b88-de89c281ad88,Lori Hall
bc12f526-5657-4327-b5db-7336c8e3b6e3,Katherine Martinez
1588812c-3aa7-4c97-b0d6-8bb6da4bd523,Don Duran
8ae0471e-c9f8-4b62-9525-ab4279b937b8,Claudia Rodriguez
1d0f7ddc-9d96-426a-b6ac-e5979e7947a6,Paul Gardner
efee2ae4-28a9-4ef5-b048-404e4d649837,Kim Porter DDS
fde2814a-4307-49a9-bb00-ba270307b892,Mary Martin
931b1684-c1c2-44a6-a0c0-a1e1bbf5d697,Chelsey Ramirez
fd2adbff-81ce-43b6-bf45-9b223fed467b,Sarah Ross
ea621b9b-4268-4d9e-996a-7c00cc3b112c,Bryan Thomas
2d66317d-b32c-417a-b3c8-c9531914b193,Nathan Cox
1422a7d2-1ea8-443f-aacb-d80c612d1693,Tyler Ramirez
08b20ead-f780-41c5-bc49-4f323d0a20e3,Edward Bush
ea9b65ce-cfa9-46f9-be0f-84a139686031,Michael Fernandez
7afb6527-4440-424c-af4e-04ce291e9e24,Jason Callahan
d946548c-34e2-4b3a-882a-ca8215ce8f03,Brandy Harrington
a8245470-437f-43ac-818c-b186aa46b235,Darren Weeks
d7ba7a94-02a7-472d-9ea2-94c46d9ab3e5,Patricia Williamson
f9246936-5b03-4550-b1d2-4315e368e7f2,Julie Dillon
83e15952-cc0e-4a6d-a19e-e99b90ff025c,David English
add8beef-42cb-469a-8fc2-22c8d3c51f8a,Jesse Moore
63c81649-3ee4-481f-b7ca-b0136cbc9898,Tony Garrett
878c98be-9823-44e0-b83f-27ba611f064d,Taylor Summers
e1b8eac3-61bb-4cfd-a9e7-60d1cbb8a0de,Dr. Tina Thompson
8903e1da-131a-4a1a-87c7-91ee80c5d2c1,Emily Bennett
5d86210c-5fe0-4691-a9ed-3452caf3db5e,Paul Huff
bd5ea8cf-93e1-454a-b738-9b83de1b2640,Jean Rosales
53467acc-0ca3-4fe2-abc3-5f428f934bd3,Joshua Webb
dae35ce1-97e9-4ac8-8d4e-81804e2c46b3,Mr. Roger Johnson
bceaa21a-5937-48c3-a767-f180f7ad3872,Mike Mills
fca83500-5490-494d-9e6b-1add41a59b41,Nicholas Colon
9aecfa5c-996c-4c4c-9061-213e1a8bfaaa,Stephanie Adams MD
2a057eb7-67bd-41e3-8fd7-c06669364d7e,Matthew Rowland
321fe65f-b48b-4f5e-8778-3c9e79536a85,Stephanie Brown
e0572225-cc8e-43a5-82d8-7585f0cd9e3f,Michael Cruz
b3a89fe0-8db4-4bb1-9b41-0548ae0ed886,Brittney Bennett
cf8f83c6-b4ce-434b-9a68-4a5e865dce9c,Steven Williams
ee9ba466-e412-4c5b-99d7-6fb087ac7047,Jamie Howard
9893bada-4a4c-4c9c-84a1-f73211b25d1a,Maria Nelson
6c643ace-419e-4268-ad1e-7b0b70fa08e0,Natasha Wright
